cliente_id,nome,email,cidade,data_cadastro
1,Tammy Johnson,carolyn14@hotmail.com,Kevinchester,2024-05-22
2,Joseph Lee,david38@ward.biz,Lake Stacey,2024-05-09
3,Billy Moore,elizabethgutierrez@lee.com,Maryhaven,2025-06-08
4,Stephanie Mills,lindacochran@gmail.com,Stephaniefort,2023-12-03
5,Nicole Parker,stephenedwards@johns.com,Kendraville,2024-03-17
6,Ethan Martin,josephstanley@le.com,Donnabury,2025-04-07
7,Jeffery Bowman,katherinesmith@brown-garcia.biz,Lake Rachel,2023-11-28
8,Lawrence Fowler,jamespittman@kennedy.com,Thompsonside,2024-08-19
9,April Tanner,nelsonjoanna@gmail.com,Lake Susan,2025-02-08
10,Stephen Young,qhall@herrera.com,Lake Laurenbury,2024-11-09
11,Jean Miller,amy93@gmail.com,Solomonberg,2024-02-15
12,Terri Winters,michelle70@lee-mitchell.biz,East Reneefort,2025-04-21
13,Brian Hill,derrick27@johnson-peterson.com,South Jessica,2024-12-29
14,Michael Li,kellie30@johnson.com,West Robert,2024-10-13
15,Nicholas Johnson,kellycollin@gmail.com,Rodriguezside,2024-08-09
16,Christina Young,gallegoskimberly@hotmail.com,Lake Brandychester,2025-06-21
17,Kevin Vargas,rbrown@hotmail.com,Fraziermouth,2025-01-25
18,Edward Warner,thickman@hotmail.com,South Rebeccashire,2024-09-21
19,Bobby Parker,onelson@hotmail.com,New Tonyton,2023-12-30
20,Dawn Young,paul77@houston.com,Port Michael,2024-08-26
21,Jeremy Bennett,colemancathy@yahoo.com,Elizabethview,2024-06-02
22,Nicole Dawson,clintonjackson@gmail.com,Alanville,2023-07-27
23,Vanessa Reed,mendozacristina@yahoo.com,Port Mariaview,2024-10-18
24,Gina Carr,gwatson@gmail.com,Lake David,2024-12-12
25,Matthew Graham,npeterson@maxwell-mason.com,Blairstad,2024-03-03
26,Alisha Nelson,brenda64@yahoo.com,New Amyland,2024-07-21
27,Sara Johnson,petersonkeith@gmail.com,Kleinton,2024-06-19
28,Shannon Short,jessicalopez@terry-murray.org,Riveraton,2025-02-24
29,Scott Mcdonald,williamruiz@yahoo.com,South Jessica,2024-07-02
30,Antonio Hodge,danafarley@yahoo.com,West Jennifer,2024-06-29
31,Jennifer Lowery,oliviasellers@hotmail.com,West Lindaville,2025-04-04
32,Tammy Leon,rhudson@hotmail.com,New Olivia,2023-08-24
33,Jennifer Hayes,rubioandrea@farrell.biz,Hensonmouth,2025-01-14
34,Marissa Munoz,amanda15@kaiser.com,Edwardburgh,2023-12-25
35,Jasmine Morales,devans@gmail.com,Waltonchester,2023-07-12
36,Carlos Jones,gomezcharles@hotmail.com,Smithfort,2023-11-28
37,Amy King,nathanielanderson@gmail.com,Lake Benjamin,2023-08-20
38,Madeline Brown,kara16@hotmail.com,South Sarashire,2024-03-30
39,Lindsey Thomas,arnoldjason@johnson.com,Williamsside,2024-01-10
40,Ronald Green,gyoung@green-johnson.org,Lake Desireehaven,2024-09-20
41,Jacob Robinson,jrivera@marquez-thompson.com,Sabrinaberg,2024-06-26
42,James Gonzalez,mathewharper@jackson-anderson.com,Port Franceschester,2024-10-22
43,Rachel Armstrong,khenderson@gmail.com,Snyderburgh,2024-06-04
44,Bryan Martin DVM,bmoore@austin.org,West Terriville,2023-08-16
45,Shannon Ward,robert77@yahoo.com,Williamsville,2023-09-24
46,Teresa Chandler,joshua28@mcguire.com,Lake Craigburgh,2024-10-05
47,Amanda Williams,austinveronica@hotmail.com,Hooperport,2025-05-06
48,Heather Brown,john46@robinson.com,Smithtown,2023-08-20
49,Emily Fox,bsmith@yahoo.com,East Laurie,2024-11-02
50,Mario Johnston MD,johnjohnson@hotmail.com,East Stephanie,2024-11-26
51,Jamie Mcbride,lori98@yahoo.com,Anthonystad,2024-03-10
52,Diane Cervantes,sean05@hotmail.com,Port Paulabury,2023-07-14
53,Jennifer Crawford,jromero@rodriguez-rowe.com,Christophershire,2023-09-18
54,Colin Salinas,ipatel@gmail.com,Susantown,2023-10-31
55,Jacob Jones,adammartinez@brennan.com,West Bethany,2024-11-03
56,Larry Wilson,qguzman@gibson-smith.com,Bradleyborough,2024-09-22
57,Rachel Phelps,rhodeseric@raymond.net,Markshire,2024-03-12
58,Stephen Pittman,jackgriffin@hotmail.com,Millerstad,2025-01-25
59,Lisa Curtis,turnerjennifer@cervantes-bailey.com,Jordantown,2024-06-09
60,Darlene Hunt DVM,alexander93@yahoo.com,East Joshuafurt,2023-07-06
61,Kristin Hughes,nguyensean@hotmail.com,South Steventon,2024-04-06
62,Mary Cervantes,eric62@williams.com,Brownport,2024-05-27
63,Kimberly Petersen,lrodriguez@gmail.com,Kristyport,2024-03-26
64,Heather Brown,ebutler@hotmail.com,New Sara,2024-12-20
65,Larry Tran,dramsey@russell.com,Kylefurt,2025-01-16
66,Samantha Brown,rebecca56@moore.com,Marshton,2025-03-07
67,Christina Yates,shawnhood@hotmail.com,Port Jeffreyfort,2024-03-09
68,Gloria Valencia,cainjulia@hotmail.com,Lake Brianhaven,2025-02-01
69,Terry Villanueva,oandrews@schroeder.com,West Timothyport,2025-01-28
70,Kimberly Lindsey,clarkrebecca@johnson.info,Michaelmouth,2024-10-16
71,Olivia Weaver,bhicks@hotmail.com,Rileymouth,2024-05-22
72,Travis Cochran,brandon20@hotmail.com,Lake Justin,2024-04-10
73,Malik Miller,cruzalexandra@ortiz.com,Samanthaport,2023-07-30
74,Michelle Gallagher,danielgentry@yahoo.com,North Amy,2024-07-25
75,Stephanie Rodriguez,johnsonbrian@yahoo.com,New Wesley,2023-07-06
76,Charles Munoz,jacksoncynthia@olson-mcmillan.com,Danielsport,2024-10-03
77,Megan Thompson,morganrobert@gmail.com,New Samantha,2024-06-24
78,Mary Mcneil,willie25@yahoo.com,Harrisbury,2023-10-19
79,Keith Cooper,nicole81@gmail.com,East Paulfort,2023-10-22
80,Darius Davis,pwells@bailey-mcdonald.net,Lake Theresa,2023-10-08
81,Allison Johnson PhD,nicholashernandez@gmail.com,Port James,2024-03-17
82,Donald Drake,gbrown@gmail.com,South Benjamin,2025-06-08
83,Thomas Stephens,brownglenn@gmail.com,Margaretbury,2023-07-13
84,Jeffrey Hardy,lramos@yahoo.com,Codyport,2025-04-10
85,Michael Lopez,saramarshall@yahoo.com,New Johnathan,2023-09-30
86,Robert Mcdonald,kristincain@hotmail.com,Smithshire,2024-06-11
87,Brian Hudson,amanda58@smith.com,Guerrafort,2023-11-21
88,Richard Wheeler,elizabeth14@davis.com,Lake Anthony,2025-06-17
89,Chris Lewis,aliciacastaneda@dawson.com,Lake Heather,2023-09-09
90,Stephanie Peterson,afranklin@young-rivera.info,Aprilshire,2024-07-29
91,Kari Kelley,smitherik@heath.com,Aprilville,2023-07-31
92,Jenna Campbell,elizabethtaylor@frederick-rodriguez.biz,New Matthewstad,2023-07-19
93,Darrell Williams,matthewskelly@yahoo.com,Vaughnmouth,2023-11-25
94,Gabrielle Andrews,nancy66@hotmail.com,Quinnberg,2023-11-16
95,Devin Ashley,cohenwendy@simon.com,North Brad,2024-04-24
96,Seth Hall,nathan15@yahoo.com,Schwartzchester,2024-09-01
97,Jennifer Giles,robertpope@strickland-stark.com,Tammyton,2024-07-20
98,Melanie Ellis,vruiz@yahoo.com,Leahberg,2024-10-27
99,Nicole Medina,tbuck@yahoo.com,East Jamie,2024-05-10
100,Kathleen Moran,pearsonevan@smith.com,South Christopher,2023-08-26
101,Linda Glass,ydavis@yahoo.com,Lake Thomas,2024-09-14
102,John Flores,thomas84@howard.com,Lake Marcus,2024-03-16
103,Crystal Sellers,rachelhunt@yahoo.com,North James,2023-09-07
104,Mr. Eric Ferrell,allisonreid@conley.info,Jamesmouth,2024-06-19
105,Kyle Brown,powellchristopher@clark.com,Michaelview,2025-01-30
106,Sandra Ramirez,sjohnson@hotmail.com,Lake Matthew,2023-09-24
107,Brian Taylor,clarkjay@gmail.com,South Gregorystad,2025-06-21
108,Alexa Davis,stevensonjustin@wright.com,New Darrell,2024-07-18
109,Amanda Cox,alancabrera@ward.com,East Jessicastad,2023-10-17
110,Timothy Farrell,charlesmeghan@yahoo.com,Johnview,2024-12-15
111,Lee Wilson,thompsoneric@mahoney.com,Wigginsfort,2023-06-30
112,Maria Tucker,victoria87@gmail.com,South Lindaburgh,2024-05-25
113,Thomas Martinez,victoriacampbell@yahoo.com,Smithtown,2024-10-02
114,Spencer Rush,wcampbell@sanchez.com,Sandovalland,2024-06-18
115,Kimberly Green,jamesarmstrong@yahoo.com,New Robertland,2024-12-06
116,Lisa Stewart,burkejacob@yahoo.com,Martinfurt,2024-08-21
117,Melvin Wilson,seanreeves@yahoo.com,Port Paulaview,2025-06-16
118,Mark Hamilton,boyeremily@lee.com,Emilymouth,2024-01-09
119,Megan Perez,adrianwu@yahoo.com,Amyfurt,2025-06-15
120,Lucas Caldwell,aaron52@hotmail.com,Lake Nathan,2024-12-22
121,Douglas Ortega,laurieperez@williams-harris.com,Haleland,2025-03-15
122,Allison Simpson,asandoval@garcia-barker.com,Gabrielville,2025-04-06
123,Christopher Gonzales,malik06@yahoo.com,Garciaside,2023-07-11
124,Jennifer Mckenzie,jessica40@gmail.com,New Audreytown,2025-05-09
125,Joshua Gray,robinsonlisa@yahoo.com,Juliatown,2025-04-04
126,Steven Williams,natashareyes@hotmail.com,South Dennis,2023-10-30
127,Kimberly Baker,allentanner@yahoo.com,West Mark,2024-01-22
128,Colleen Berger,john66@gmail.com,Heathershire,2024-04-27
129,Mr. Leonard Gay,jpearson@gmail.com,Duffybury,2024-06-02
130,James Sanders,kimberlyle@herman.com,East Jackson,2025-03-08
131,Brenda Knapp,susanlee@gmail.com,Mauriceburgh,2023-06-29
132,Christopher Davis,cobbjames@murray.com,Rogersfort,2024-02-25
133,Tina Ryan,vasquezrebecca@nelson-goodwin.com,New Martha,2024-11-03
134,Raymond Brown,lindaburns@hotmail.com,Rossland,2024-03-09
135,Cynthia Escobar,kristina40@yahoo.com,New Alexander,2024-05-26
136,Mary Craig,uphillips@hotmail.com,North Steven,2025-03-23
137,Frederick Barnes DDS,paul34@johnson.com,South Sarah,2025-01-27
138,April Moyer,cperry@gomez-elliott.com,Ethanchester,2025-04-03
139,Paige Compton,colejason@hotmail.com,East Robert,2025-06-01
140,Sharon Gallegos,andrew85@craig.com,North Jamesborough,2025-05-28
141,Amanda Kim,diane94@burke-james.com,West Craigtown,2023-11-16
142,Meredith Harrison,melinda07@gutierrez.com,West Danielleton,2025-01-30
143,Leah White,ianunderwood@gmail.com,West Amy,2024-04-14
144,Richard Eaton,amccann@gmail.com,Joneschester,2024-06-27
145,Laura Lara,moniqueparks@brennan.com,Lake Teresa,2025-01-17
146,Yolanda Taylor,richardmendoza@brooks-jordan.com,West Heidi,2023-11-16
147,Jordan Wagner,lopezerin@briggs-hopkins.com,Lake Joseph,2025-01-12
148,April Chandler,kcantrell@dickson.com,East Maryton,2023-06-28
149,Michael Frank,johnsgeorge@adams.com,Lake Melissa,2024-03-04
150,Willie Mcgee,angela89@gmail.com,Normaview,2025-05-28
151,Wendy White,hware@evans-hardy.com,East Sherri,2025-03-05
152,Matthew Ross,victoria02@glover.com,North Michael,2024-07-29
153,Carlos Lopez,davisdavid@andrews-dudley.com,Paulaborough,2023-11-06
154,Maria Page,williamslisa@perry.com,East Francisco,2023-09-29
155,Jennifer Mccoy,anthony29@casey-price.com,Hornborough,2024-06-17
156,Stephanie Oliver,cody68@reeves.com,East Alyssaville,2025-05-23
157,Ashley Valenzuela,bridgesgabrielle@arnold.net,Erinbury,2023-10-23
158,Charles Baker,sarahking@hotmail.com,Callahanhaven,2024-07-14
159,Linda Smith,andreapaul@gmail.com,East Sharon,2024-12-03
160,Kathleen Sandoval,carsonjoseph@yahoo.com,Baileyhaven,2025-01-07
161,Chelsea Owens,garciajane@garcia.biz,New Rachelstad,2025-03-18
162,Pedro Humphrey,youngchristopher@hopkins.info,East Jenniferhaven,2024-11-30
163,Kathleen White,leetonya@gmail.com,Tanyahaven,2023-11-13
164,Victoria Foley,oconrad@munoz-wilkerson.com,Port Jamesside,2023-09-21
165,Michelle Howard,garzadaniel@gmail.com,Mirandastad,2024-01-14
166,Teresa Gordon,ericagonzalez@gmail.com,Port Roberto,2025-04-27
167,Danielle Murray,hbenson@williams.com,New Joseville,2025-02-15
168,Kevin Martin,nicole84@hotmail.com,New Jamesberg,2023-12-10
169,Jessica Carrillo,sreynolds@yahoo.com,North Paulstad,2023-09-12
170,Brian Wheeler,aprilkelly@keller.com,Lake Williamburgh,2023-12-13
171,Marcus Butler,bedwards@duke.com,Christinaburgh,2024-06-06
172,Allison Mathis,bakersamantha@brewer.net,New Ronald,2025-01-14
173,William Brown,richard94@gmail.com,Port Danielle,2024-06-25
174,Nicholas Hall,carrelijah@dean.com,Lake Samantha,2023-11-11
175,Bonnie Hickman,valvarez@gmail.com,Codytown,2024-01-04
176,Laura Fields,lauriekaufman@gmail.com,Joycechester,2025-01-09
177,Amanda Hart,zbaker@yahoo.com,Dayberg,2023-10-10
178,Debra Brown,watsonamber@meyers.com,Peterport,2024-10-18
179,Daniel Patterson,fguzman@torres.info,Martinezbury,2023-11-05
180,Matthew Gibbs,amanda90@yahoo.com,Philipmouth,2024-03-26
181,Timothy Griffith,carlakelly@cabrera.com,West Kevin,2025-02-04
182,Calvin Perez,thorntonamber@austin.net,West Dustin,2024-10-30
183,Andrew Rollins,elizabeth06@johnson.com,New Alexandramouth,2025-06-25
184,Gabriel Brandt,zbryant@gmail.com,Jenniferland,2024-09-25
185,Mark Harris,talvarado@hotmail.com,West Jessicabury,2024-03-11
186,Kenneth Calhoun,lcampbell@robinson-murphy.info,Kellystad,2023-07-11
187,Brent Ibarra,irodriguez@valdez-pacheco.com,Huntfurt,2024-02-10
188,Shelia Faulkner,sylviabennett@yahoo.com,Lake Johnnyberg,2024-06-03
189,Amanda Hoffman,mlopez@taylor-johnson.net,Port Timothyborough,2024-02-22
190,Susan Bray,greed@yahoo.com,South Melissa,2024-09-21
191,Bryan Miller,john41@wade.org,Edwardsburgh,2025-04-24
192,Anita Jackson,jameswhite@hamilton-schultz.com,Millerhaven,2025-06-20
193,Erika Washington,frederickkatelyn@hotmail.com,Escobarton,2024-03-10
194,Jennifer Richardson,weeksjoshua@gmail.com,East Timothy,2024-12-26
195,Russell Montoya,baileyeric@gmail.com,Ericmouth,2024-06-09
196,Andrea Nelson,mitchellalexis@yahoo.com,Ericmouth,2024-12-06
197,Jeremy Clark,christinamolina@white.com,West Roberttown,2024-03-08
198,David Carter,gabriel51@yahoo.com,Dylanhaven,2023-07-14
199,Kelli Adams,vevans@gmail.com,Leechester,2024-08-31
200,Henry Hicks,teresamann@yahoo.com,East Johnfurt,2023-09-26
